file,line,type,commit,author,date,time,timezone,datetime,depth,length
style.css,1,css,7f144a90,gabrielborjas,2026-04-03,20:15:00,-07:00,2026-04-03T20:15:00-07:00,0,4
style.css,2,css,7f144a90,gabrielborjas,2026-04-03,20:15:00,-07:00,2026-04-03T20:15:00-07:00,1,43
style.css,3,css,7f144a90,gabrielborjas,2026-04-03,20:15:00,-07:00,2026-04-03T20:15:00-07:00,0,42
style.css,4,css,7f144a90,gabrielborjas,2026-04-03,20:15:00,-07:00,2026-04-03T20:15:00-07:00,0,0
style.css,5,css,7f144a90,gabrielborjas,2026-04-03,20:15:00,-07:00,2026-04-03T20:15:00-07:00,1,23
style.css,6,css,a9a85123,gabrielborjas,2026-04-09,20:30:02,-07:00,2026-04-09T20:30:02-07:00,1,15
style.css,7,css,a9a85123,gabrielborjas,2026-04-09,20:30:02,-07:00,2026-04-09T20:30:02-07:00,1,18
style.css,8,css,a9a85123,gabrielborjas,2026-04-09,20:30:02,-07:00,2026-04-09T20:30:02-07:00,1,18
style.css,9,css,4be99d89,gabrielborjas,2026-04-10,12:41:12,-07:00,2026-04-10T12:41:12-07:00,0,0
style.css,10,css,4be99d89,gabrielborjas,2026-04-10,12:41:12,-07:00,2026-04-10T12:41:12-07:00,0,0
style.css,11,css,4be99d89,gabrielborjas,2026-04-10,12:41:12,-07:00,2026-04-10T12:41:12-07:00,0,3
style.css,12,css,4be99d89,gabrielborjas,2026-04-10,12:41:12,-07:00,2026-04-10T12:41:12-07:00,1,12
style.css,13,css,35244fcd,gabrielborjas,2026-04-10,12:48:19,-07:00,2026-04-10T12:48:19-07:00,1,17
style.css,14,css,e7c840ff,gabrielborjas,2026-04-17,23:08:31,-07:00,2026-04-17T23:08:31-07:00,1,39
style.css,15,css,e7c840ff,gabrielborjas,2026-04-17,23:08:31,-07:00,2026-04-17T23:08:31-07:00,1,45
style.css,16,css,4be99d89,gabrielborjas,2026-04-10,12:41:12,-07:00,2026-04-10T12:41:12-07:00,0,0
style.css,17,css,4be99d89,gabrielborjas,2026-04-10,12:41:12,-07:00,2026-04-10T12:41:12-07:00,0,0
style.css,18,css,4be99d89,gabrielborjas,2026-04-10,12:41:12,-07:00,2026-04-10T12:41:12-07:00,0,5
style.css,19,css,2db1eda7,gabrielborjas,2026-04-10,13:01:30,-07:00,2026-04-10T13:01:30-07:00,1,6
style.css,20,css,2db1eda7,gabrielborjas,2026-04-10,13:01:30,-07:00,2026-04-10T13:01:30-07:00,1,20
style.css,21,css,2db1eda7,gabrielborjas,2026-04-10,13:01:30,-07:00,2026-04-10T13:01:30-07:00,1,13
style.css,22,css,2db1eda7,gabrielborjas,2026-04-10,13:01:30,-07:00,2026-04-10T13:01:30-07:00,1,17
style.css,23,css,2db1eda7,gabrielborjas,2026-04-10,13:01:30,-07:00,2026-04-10T13:01:30-07:00,1,13
style.css,24,css,2db1eda7,gabrielborjas,2026-04-10,13:01:30,-07:00,2026-04-10T13:01:30-07:00,0,0
style.css,25,css,2db1eda7,gabrielborjas,2026-04-10,13:01:30,-07:00,2026-04-10T13:01:30-07:00,0,0
style.css,26,css,2db1eda7,gabrielborjas,2026-04-10,13:01:30,-07:00,2026-04-10T13:01:30-07:00,0,12
style.css,27,css,2db1eda7,gabrielborjas,2026-04-10,13:01:30,-07:00,2026-04-10T13:01:30-07:00,1,16
style.css,28,css,e7c840ff,gabrielborjas,2026-04-17,23:08:31,-07:00,2026-04-17T23:08:31-07:00,1,47
style.css,29,css,2db1eda7,gabrielborjas,2026-04-10,13:01:30,-07:00,2026-04-10T13:01:30-07:00,1,20
style.css,30,css,79323445,gabrielborjas,2026-04-10,13:12:32,-07:00,2026-04-10T13:12:32-07:00,0,0
style.css,31,css,79323445,gabrielborjas,2026-04-10,13:12:32,-07:00,2026-04-10T13:12:32-07:00,0,0
style.css,32,css,79323445,gabrielborjas,2026-04-10,13:12:32,-07:00,2026-04-10T13:12:32-07:00,0,3
style.css,33,css,79323445,gabrielborjas,2026-04-10,13:12:32,-07:00,2026-04-10T13:12:32-07:00,1,33
style.css,34,css,79323445,gabrielborjas,2026-04-10,13:12:32,-07:00,2026-04-10T13:12:32-07:00,1,32
style.css,35,css,e7c840ff,gabrielborjas,2026-04-17,23:08:31,-07:00,2026-04-17T23:08:31-07:00,1,23
style.css,36,css,79323445,gabrielborjas,2026-04-10,13:12:32,-07:00,2026-04-10T13:12:32-07:00,0,0
style.css,37,css,79323445,gabrielborjas,2026-04-10,13:12:32,-07:00,2026-04-10T13:12:32-07:00,0,0
style.css,38,css,79323445,gabrielborjas,2026-04-10,13:12:32,-07:00,2026-04-10T13:12:32-07:00,0,11
style.css,39,css,79323445,gabrielborjas,2026-04-10,13:12:32,-07:00,2026-04-10T13:12:32-07:00,1,45
style.css,40,css,79323445,gabrielborjas,2026-04-10,13:12:32,-07:00,2026-04-10T13:12:32-07:00,1,20
style.css,41,css,f7f07fd2,gabrielborjas,2026-04-10,16:04:13,-07:00,2026-04-10T16:04:13-07:00,1,58
style.css,42,css,3104316f,gabrielborjas,2026-04-10,14:32:41,-07:00,2026-04-10T14:32:41-07:00,0,0
style.css,43,css,3104316f,gabrielborjas,2026-04-10,14:32:41,-07:00,2026-04-10T14:32:41-07:00,0,0
style.css,44,css,e7c840ff,gabrielborjas,2026-04-17,23:08:31,-07:00,2026-04-17T23:08:31-07:00,0,30
style.css,45,css,3104316f,gabrielborjas,2026-04-10,14:32:41,-07:00,2026-04-10T14:32:41-07:00,1,12
style.css,46,css,1df1e3d9,gabrielborjas,2026-04-10,15:02:56,-07:00,2026-04-10T15:02:56-07:00,0,0
style.css,47,css,1df1e3d9,gabrielborjas,2026-04-10,15:02:56,-07:00,2026-04-10T15:02:56-07:00,0,0
style.css,48,css,3d7f7dfe,gabrielborjas,2026-04-10,15:13:15,-07:00,2026-04-10T15:13:15-07:00,0,4
style.css,49,css,3d7f7dfe,gabrielborjas,2026-04-10,15:13:15,-07:00,2026-04-10T15:13:15-07:00,1,12
style.css,50,css,3d7f7dfe,gabrielborjas,2026-04-10,15:13:15,-07:00,2026-04-10T15:13:15-07:00,1,30
style.css,51,css,3d7f7dfe,gabrielborjas,2026-04-10,15:13:15,-07:00,2026-04-10T15:13:15-07:00,1,7
style.css,52,css,1df1e3d9,gabrielborjas,2026-04-10,15:02:56,-07:00,2026-04-10T15:02:56-07:00,0,0
style.css,53,css,1df1e3d9,gabrielborjas,2026-04-10,15:02:56,-07:00,2026-04-10T15:02:56-07:00,0,0
style.css,54,css,3d7f7dfe,gabrielborjas,2026-04-10,15:13:15,-07:00,2026-04-10T15:13:15-07:00,0,5
style.css,55,css,3d7f7dfe,gabrielborjas,2026-04-10,15:13:15,-07:00,2026-04-10T15:13:15-07:00,1,12
style.css,56,css,3d7f7dfe,gabrielborjas,2026-04-10,15:13:15,-07:00,2026-04-10T15:13:15-07:00,1,29
style.css,57,css,3d7f7dfe,gabrielborjas,2026-04-10,15:13:15,-07:00,2026-04-10T15:13:15-07:00,1,18
style.css,58,css,3d7f7dfe,gabrielborjas,2026-04-10,15:13:15,-07:00,2026-04-10T15:13:15-07:00,0,0
style.css,59,css,3d7f7dfe,gabrielborjas,2026-04-10,15:13:15,-07:00,2026-04-10T15:13:15-07:00,0,0
style.css,60,css,3d7f7dfe,gabrielborjas,2026-04-10,15:13:15,-07:00,2026-04-10T15:13:15-07:00,0,6
style.css,61,css,3d7f7dfe,gabrielborjas,2026-04-10,15:13:15,-07:00,2026-04-10T15:13:15-07:00,1,18
style.css,62,css,01d43ff6,gabrielborjas,2026-04-10,15:57:48,-07:00,2026-04-10T15:57:48-07:00,0,0
style.css,63,css,01d43ff6,gabrielborjas,2026-04-10,15:57:48,-07:00,2026-04-10T15:57:48-07:00,0,0
style.css,64,css,f7f07fd2,gabrielborjas,2026-04-10,16:04:13,-07:00,2026-04-10T16:04:13-07:00,0,9
style.css,65,css,01d43ff6,gabrielborjas,2026-04-10,15:57:48,-07:00,2026-04-10T15:57:48-07:00,1,12
style.css,66,css,01d43ff6,gabrielborjas,2026-04-10,15:57:48,-07:00,2026-04-10T15:57:48-07:00,1,58
style.css,67,css,01d43ff6,gabrielborjas,2026-04-10,15:57:48,-07:00,2026-04-10T15:57:48-07:00,1,7
style.css,68,css,30df0b32,gabrielborjas,2026-04-10,16:17:30,-07:00,2026-04-10T16:17:30-07:00,0,0
style.css,69,css,30df0b32,gabrielborjas,2026-04-10,16:17:30,-07:00,2026-04-10T16:17:30-07:00,0,0
style.css,70,css,30df0b32,gabrielborjas,2026-04-10,16:17:30,-07:00,2026-04-10T16:17:30-07:00,0,17
style.css,71,css,30df0b32,gabrielborjas,2026-04-10,16:17:30,-07:00,2026-04-10T16:17:30-07:00,1,12
style.css,72,css,30df0b32,gabrielborjas,2026-04-10,16:17:30,-07:00,2026-04-10T16:17:30-07:00,1,26
style.css,73,css,30df0b32,gabrielborjas,2026-04-10,16:17:30,-07:00,2026-04-10T16:17:30-07:00,1,15
style.css,74,css,30df0b32,gabrielborjas,2026-04-10,16:17:30,-07:00,2026-04-10T16:17:30-07:00,1,7
style.css,75,css,30df0b32,gabrielborjas,2026-04-10,16:17:30,-07:00,2026-04-10T16:17:30-07:00,0,0
style.css,76,css,30df0b32,gabrielborjas,2026-04-10,16:17:30,-07:00,2026-04-10T16:17:30-07:00,0,0
style.css,77,css,30df0b32,gabrielborjas,2026-04-10,16:17:30,-07:00,2026-04-10T16:17:30-07:00,0,19
style.css,78,css,30df0b32,gabrielborjas,2026-04-10,16:17:30,-07:00,2026-04-10T16:17:30-07:00,1,8
style.css,79,css,218c76c2,gabrielborjas,2026-04-10,16:58:30,-07:00,2026-04-10T16:58:30-07:00,0,0
style.css,80,css,218c76c2,gabrielborjas,2026-04-10,16:58:30,-07:00,2026-04-10T16:58:30-07:00,0,0
style.css,81,css,218c76c2,gabrielborjas,2026-04-10,16:58:30,-07:00,2026-04-10T16:58:30-07:00,0,2
style.css,82,css,218c76c2,gabrielborjas,2026-04-10,16:58:30,-07:00,2026-04-10T16:58:30-07:00,1,14
style.css,83,css,218c76c2,gabrielborjas,2026-04-10,16:58:30,-07:00,2026-04-10T16:58:30-07:00,0,0
style.css,84,css,218c76c2,gabrielborjas,2026-04-10,16:58:30,-07:00,2026-04-10T16:58:30-07:00,1,21
style.css,85,css,218c76c2,gabrielborjas,2026-04-10,16:58:30,-07:00,2026-04-10T16:58:30-07:00,2,15
style.css,86,css,218c76c2,gabrielborjas,2026-04-10,16:58:30,-07:00,2026-04-10T16:58:30-07:00,2,17
style.css,87,css,218c76c2,gabrielborjas,2026-04-10,16:58:30,-07:00,2026-04-10T16:58:30-07:00,1,0
style.css,88,css,f62a771a,gabrielborjas,2026-04-10,20:38:18,-07:00,2026-04-10T20:38:18-07:00,0,0
style.css,89,css,f62a771a,gabrielborjas,2026-04-10,20:38:18,-07:00,2026-04-10T20:38:18-07:00,0,0
style.css,90,css,f62a771a,gabrielborjas,2026-04-10,20:38:18,-07:00,2026-04-10T20:38:18-07:00,0,6
style.css,91,css,f62a771a,gabrielborjas,2026-04-10,20:38:18,-07:00,2026-04-10T20:38:18-07:00,1,41
style.css,92,css,f62a771a,gabrielborjas,2026-04-10,20:38:18,-07:00,2026-04-10T20:38:18-07:00,1,16
style.css,93,css,f62a771a,gabrielborjas,2026-04-10,20:38:18,-07:00,2026-04-10T20:38:18-07:00,1,18
style.css,94,css,f62a771a,gabrielborjas,2026-04-10,20:38:18,-07:00,2026-04-10T20:38:18-07:00,0,0
style.css,95,css,f62a771a,gabrielborjas,2026-04-10,20:38:18,-07:00,2026-04-10T20:38:18-07:00,0,0
style.css,96,css,f62a771a,gabrielborjas,2026-04-10,20:38:18,-07:00,2026-04-10T20:38:18-07:00,0,9
style.css,97,css,f62a771a,gabrielborjas,2026-04-10,20:38:18,-07:00,2026-04-10T20:38:18-07:00,1,43
style.css,98,css,f62a771a,gabrielborjas,2026-04-10,20:38:18,-07:00,2026-04-10T20:38:18-07:00,1,20
style.css,99,css,d47f323e,gabrielborjas,2026-04-10,20:43:41,-07:00,2026-04-10T20:43:41-07:00,0,0
style.css,100,css,d47f323e,gabrielborjas,2026-04-10,20:43:41,-07:00,2026-04-10T20:43:41-07:00,0,0
style.css,101,css,d47f323e,gabrielborjas,2026-04-10,20:43:41,-07:00,2026-04-10T20:43:41-07:00,0,10
style.css,102,css,d47f323e,gabrielborjas,2026-04-10,20:43:41,-07:00,2026-04-10T20:43:41-07:00,1,17
style.css,103,css,d47f323e,gabrielborjas,2026-04-10,20:43:41,-07:00,2026-04-10T20:43:41-07:00,0,0
style.css,104,css,7b50c873,gabrielborjas,2026-04-10,21:07:42,-07:00,2026-04-10T21:07:42-07:00,0,0
style.css,105,css,7b50c873,gabrielborjas,2026-04-10,21:07:42,-07:00,2026-04-10T21:07:42-07:00,0,8
style.css,106,css,7b50c873,gabrielborjas,2026-04-10,21:07:42,-07:00,2026-04-10T21:07:42-07:00,1,15
style.css,107,css,7b50c873,gabrielborjas,2026-04-10,21:07:42,-07:00,2026-04-10T21:07:42-07:00,1,9
style.css,108,css,7b50c873,gabrielborjas,2026-04-10,21:07:42,-07:00,2026-04-10T21:07:42-07:00,1,12
style.css,109,css,7b50c873,gabrielborjas,2026-04-10,21:07:42,-07:00,2026-04-10T21:07:42-07:00,1,14
style.css,110,css,7b50c873,gabrielborjas,2026-04-10,21:07:42,-07:00,2026-04-10T21:07:42-07:00,1,9
style.css,111,css,7b50c873,gabrielborjas,2026-04-10,21:07:42,-07:00,2026-04-10T21:07:42-07:00,0,0
style.css,112,css,7b50c873,gabrielborjas,2026-04-10,21:07:42,-07:00,2026-04-10T21:07:42-07:00,0,0
style.css,113,css,7b50c873,gabrielborjas,2026-04-10,21:07:42,-07:00,2026-04-10T21:07:42-07:00,0,12
style.css,114,css,7b50c873,gabrielborjas,2026-04-10,21:07:42,-07:00,2026-04-10T21:07:42-07:00,1,36
style.css,115,css,7b50c873,gabrielborjas,2026-04-10,21:07:42,-07:00,2026-04-10T21:07:42-07:00,1,11
style.css,116,css,7b50c873,gabrielborjas,2026-04-10,21:07:42,-07:00,2026-04-10T21:07:42-07:00,1,19
style.css,117,css,7b50c873,gabrielborjas,2026-04-10,21:07:42,-07:00,2026-04-10T21:07:42-07:00,1,19
style.css,118,css,7b50c873,gabrielborjas,2026-04-10,21:07:42,-07:00,2026-04-10T21:07:42-07:00,1,15
style.css,119,css,89ceda58,gabrielborjas,2026-04-10,21:14:51,-07:00,2026-04-10T21:14:51-07:00,0,0
style.css,120,css,89ceda58,gabrielborjas,2026-04-10,21:14:51,-07:00,2026-04-10T21:14:51-07:00,0,0
style.css,121,css,89ceda58,gabrielborjas,2026-04-10,21:14:51,-07:00,2026-04-10T21:14:51-07:00,0,15
style.css,122,css,e7c840ff,gabrielborjas,2026-04-17,23:08:31,-07:00,2026-04-17T23:08:31-07:00,1,69
style.css,123,css,89ceda58,gabrielborjas,2026-04-10,21:14:51,-07:00,2026-04-10T21:14:51-07:00,1,11
style.css,124,css,89ceda58,gabrielborjas,2026-04-10,21:14:51,-07:00,2026-04-10T21:14:51-07:00,1,17
style.css,125,css,89ceda58,gabrielborjas,2026-04-10,21:14:51,-07:00,2026-04-10T21:14:51-07:00,1,18
style.css,126,css,89ceda58,gabrielborjas,2026-04-10,21:14:51,-07:00,2026-04-10T21:14:51-07:00,0,0
style.css,127,css,e7c840ff,gabrielborjas,2026-04-17,23:08:31,-07:00,2026-04-17T23:08:31-07:00,0,0
style.css,128,css,e7c840ff,gabrielborjas,2026-04-17,23:08:31,-07:00,2026-04-17T23:08:31-07:00,0,13
style.css,129,css,e7c840ff,gabrielborjas,2026-04-17,23:08:31,-07:00,2026-04-17T23:08:31-07:00,1,17
style.css,130,css,e7c840ff,gabrielborjas,2026-04-17,23:08:31,-07:00,2026-04-17T23:08:31-07:00,1,8
style.css,131,css,e7c840ff,gabrielborjas,2026-04-17,23:08:31,-07:00,2026-04-17T23:08:31-07:00,1,10
style.css,132,css,e7c840ff,gabrielborjas,2026-04-17,23:08:31,-07:00,2026-04-17T23:08:31-07:00,1,13
style.css,133,css,e28cf12a,gabrielborjas,2026-04-23,19:32:30,-07:00,2026-04-23T19:32:30-07:00,0,0
style.css,134,css,e28cf12a,gabrielborjas,2026-04-23,19:32:30,-07:00,2026-04-23T19:32:30-07:00,0,0
style.css,135,css,e28cf12a,gabrielborjas,2026-04-23,19:32:30,-07:00,2026-04-23T19:32:30-07:00,0,21
style.css,136,css,e28cf12a,gabrielborjas,2026-04-23,19:32:30,-07:00,2026-04-23T19:32:30-07:00,1,14
style.css,137,css,e28cf12a,gabrielborjas,2026-04-23,19:32:30,-07:00,2026-04-23T19:32:30-07:00,1,11
style.css,138,css,e28cf12a,gabrielborjas,2026-04-23,19:32:30,-07:00,2026-04-23T19:32:30-07:00,1,13
style.css,139,css,47d0371c,gabrielborjas,2026-05-02,22:23:41,-07:00,2026-05-02T22:23:41-07:00,0,0
style.css,140,css,47d0371c,gabrielborjas,2026-05-02,22:23:41,-07:00,2026-05-02T22:23:41-07:00,0,0
style.css,141,css,47d0371c,gabrielborjas,2026-05-02,22:23:41,-07:00,2026-05-02T22:23:41-07:00,0,13
style.css,142,css,47d0371c,gabrielborjas,2026-05-02,22:23:41,-07:00,2026-05-02T22:23:41-07:00,1,30
style.css,143,css,47d0371c,gabrielborjas,2026-05-02,22:23:41,-07:00,2026-05-02T22:23:41-07:00,1,34
style.css,144,css,47d0371c,gabrielborjas,2026-05-02,22:23:41,-07:00,2026-05-02T22:23:41-07:00,1,17
style.css,145,css,47d0371c,gabrielborjas,2026-05-02,22:23:41,-07:00,2026-05-02T22:23:41-07:00,1,10
style.css,146,css,47d0371c,gabrielborjas,2026-05-02,22:23:41,-07:00,2026-05-02T22:23:41-07:00,1,16
style.css,147,css,47d0371c,gabrielborjas,2026-05-02,22:23:41,-07:00,2026-05-02T22:23:41-07:00,0,0
style.css,148,css,47d0371c,gabrielborjas,2026-05-02,22:23:41,-07:00,2026-05-02T22:23:41-07:00,0,0
style.css,149,css,52996580,gabrielborjas,2026-05-02,22:28:04,-07:00,2026-05-02T22:28:04-07:00,0,0
style.css,150,css,52996580,gabrielborjas,2026-05-02,22:28:04,-07:00,2026-05-02T22:28:04-07:00,0,7
style.css,151,css,52996580,gabrielborjas,2026-05-02,22:28:04,-07:00,2026-05-02T22:28:04-07:00,1,15
style.css,152,css,52996580,gabrielborjas,2026-05-02,22:28:04,-07:00,2026-05-02T22:28:04-07:00,1,11
style.css,153,css,52996580,gabrielborjas,2026-05-02,22:28:04,-07:00,2026-05-02T22:28:04-07:00,1,12
style.css,154,css,52996580,gabrielborjas,2026-05-02,22:28:04,-07:00,2026-05-02T22:28:04-07:00,1,21
style.css,155,css,52996580,gabrielborjas,2026-05-02,22:28:04,-07:00,2026-05-02T22:28:04-07:00,1,17
style.css,156,css,52996580,gabrielborjas,2026-05-02,22:28:04,-07:00,2026-05-02T22:28:04-07:00,1,12
style.css,157,css,52996580,gabrielborjas,2026-05-02,22:28:04,-07:00,2026-05-02T22:28:04-07:00,1,57
style.css,158,css,52996580,gabrielborjas,2026-05-02,22:28:04,-07:00,2026-05-02T22:28:04-07:00,1,7
style.css,159,css,52996580,gabrielborjas,2026-05-02,22:28:04,-07:00,2026-05-02T22:28:04-07:00,0,0
style.css,160,css,52996580,gabrielborjas,2026-05-02,22:28:04,-07:00,2026-05-02T22:28:04-07:00,0,0
style.css,161,css,52996580,gabrielborjas,2026-05-02,22:28:04,-07:00,2026-05-02T22:28:04-07:00,0,12
style.css,162,css,52996580,gabrielborjas,2026-05-02,22:28:04,-07:00,2026-05-02T22:28:04-07:00,1,12
style.css,163,css,52996580,gabrielborjas,2026-05-02,22:28:04,-07:00,2026-05-02T22:28:04-07:00,1,18
style.css,164,css,52996580,gabrielborjas,2026-05-02,22:28:04,-07:00,2026-05-02T22:28:04-07:00,1,9
style.css,165,css,52996580,gabrielborjas,2026-05-02,22:28:04,-07:00,2026-05-02T22:28:04-07:00,0,0
style.css,166,css,52996580,gabrielborjas,2026-05-02,22:28:04,-07:00,2026-05-02T22:28:04-07:00,0,0
style.css,167,css,52996580,gabrielborjas,2026-05-02,22:28:04,-07:00,2026-05-02T22:28:04-07:00,0,7
style.css,168,css,52996580,gabrielborjas,2026-05-02,22:28:04,-07:00,2026-05-02T22:28:04-07:00,1,20
style.css,169,css,52996580,gabrielborjas,2026-05-02,22:28:04,-07:00,2026-05-02T22:28:04-07:00,1,9
style.css,170,css,52996580,gabrielborjas,2026-05-02,22:28:04,-07:00,2026-05-02T22:28:04-07:00,1,18
style.css,171,css,52996580,gabrielborjas,2026-05-02,22:28:04,-07:00,2026-05-02T22:28:04-07:00,1,29
style.css,172,css,52996580,gabrielborjas,2026-05-02,22:28:04,-07:00,2026-05-02T22:28:04-07:00,1,17
style.css,173,css,52996580,gabrielborjas,2026-05-02,22:28:04,-07:00,2026-05-02T22:28:04-07:00,0,0
style.css,174,css,52996580,gabrielborjas,2026-05-02,22:28:04,-07:00,2026-05-02T22:28:04-07:00,0,0
style.css,175,css,52996580,gabrielborjas,2026-05-02,22:28:04,-07:00,2026-05-02T22:28:04-07:00,0,10
style.css,176,css,52996580,gabrielborjas,2026-05-02,22:28:04,-07:00,2026-05-02T22:28:04-07:00,1,12
style.css,177,css,52996580,gabrielborjas,2026-05-02,22:28:04,-07:00,2026-05-02T22:28:04-07:00,1,18
style.css,178,css,52996580,gabrielborjas,2026-05-02,22:28:04,-07:00,2026-05-02T22:28:04-07:00,1,7
style.css,179,css,52996580,gabrielborjas,2026-05-02,22:28:04,-07:00,2026-05-02T22:28:04-07:00,1,16
style.css,180,css,52996580,gabrielborjas,2026-05-02,22:28:04,-07:00,2026-05-02T22:28:04-07:00,0,0
style.css,181,css,52996580,gabrielborjas,2026-05-02,22:28:04,-07:00,2026-05-02T22:28:04-07:00,0,0
style.css,182,css,52996580,gabrielborjas,2026-05-02,22:28:04,-07:00,2026-05-02T22:28:04-07:00,0,18
style.css,183,css,52996580,gabrielborjas,2026-05-02,22:28:04,-07:00,2026-05-02T22:28:04-07:00,1,6
style.css,184,css,52996580,gabrielborjas,2026-05-02,22:28:04,-07:00,2026-05-02T22:28:04-07:00,1,8
style.css,185,css,52996580,gabrielborjas,2026-05-02,22:28:04,-07:00,2026-05-02T22:28:04-07:00,0,0
style.css,186,css,52996580,gabrielborjas,2026-05-02,22:28:04,-07:00,2026-05-02T22:28:04-07:00,0,10
style.css,187,css,52996580,gabrielborjas,2026-05-02,22:28:04,-07:00,2026-05-02T22:28:04-07:00,1,10
style.css,188,css,52996580,gabrielborjas,2026-05-02,22:28:04,-07:00,2026-05-02T22:28:04-07:00,1,13
style.css,189,css,52996580,gabrielborjas,2026-05-02,22:28:04,-07:00,2026-05-02T22:28:04-07:00,1,17
style.css,190,css,52996580,gabrielborjas,2026-05-02,22:28:04,-07:00,2026-05-02T22:28:04-07:00,1,13
style.css,191,css,52996580,gabrielborjas,2026-05-02,22:28:04,-07:00,2026-05-02T22:28:04-07:00,1,21
style.css,192,css,52996580,gabrielborjas,2026-05-02,22:28:04,-07:00,2026-05-02T22:28:04-07:00,1,17
style.css,193,css,52996580,gabrielborjas,2026-05-02,22:28:04,-07:00,2026-05-02T22:28:04-07:00,1,21
style.css,194,css,52e66084,gabrielborjas,2026-05-02,22:37:10,-07:00,2026-05-02T22:37:10-07:00,0,0
style.css,195,css,52e66084,gabrielborjas,2026-05-02,22:37:10,-07:00,2026-05-02T22:37:10-07:00,0,0
style.css,196,css,52e66084,gabrielborjas,2026-05-02,22:37:10,-07:00,2026-05-02T22:37:10-07:00,0,18
style.css,197,css,52e66084,gabrielborjas,2026-05-02,22:37:10,-07:00,2026-05-02T22:37:10-07:00,1,14
style.css,198,css,52e66084,gabrielborjas,2026-05-02,22:37:10,-07:00,2026-05-02T22:37:10-07:00,1,16
style.css,199,css,52e66084,gabrielborjas,2026-05-02,22:37:10,-07:00,2026-05-02T22:37:10-07:00,1,16
style.css,200,css,52e66084,gabrielborjas,2026-05-02,22:37:10,-07:00,2026-05-02T22:37:10-07:00,0,0
style.css,201,css,52e66084,gabrielborjas,2026-05-02,22:37:10,-07:00,2026-05-02T22:37:10-07:00,0,0
style.css,202,css,52e66084,gabrielborjas,2026-05-02,22:37:10,-07:00,2026-05-02T22:37:10-07:00,0,51
style.css,203,css,52e66084,gabrielborjas,2026-05-02,22:37:10,-07:00,2026-05-02T22:37:10-07:00,1,11
style.css,204,css,52e66084,gabrielborjas,2026-05-02,22:37:10,-07:00,2026-05-02T22:37:10-07:00,0,0
style.css,205,css,52e66084,gabrielborjas,2026-05-02,22:37:10,-07:00,2026-05-02T22:37:10-07:00,0,0
style.css,206,css,52e66084,gabrielborjas,2026-05-02,22:37:10,-07:00,2026-05-02T22:37:10-07:00,0,23
style.css,207,css,52e66084,gabrielborjas,2026-05-02,22:37:10,-07:00,2026-05-02T22:37:10-07:00,1,16
style.css,208,css,52e66084,gabrielborjas,2026-05-02,22:37:10,-07:00,2026-05-02T22:37:10-07:00,1,14
style.css,209,css,52e66084,gabrielborjas,2026-05-02,22:37:10,-07:00,2026-05-02T22:37:10-07:00,0,0
style.css,210,css,52e66084,gabrielborjas,2026-05-02,22:37:10,-07:00,2026-05-02T22:37:10-07:00,0,9
style.css,211,css,52e66084,gabrielborjas,2026-05-02,22:37:10,-07:00,2026-05-02T22:37:10-07:00,1,35
style.css,212,css,52e66084,gabrielborjas,2026-05-02,22:37:10,-07:00,2026-05-02T22:37:10-07:00,0,0
style.css,213,css,52e66084,gabrielborjas,2026-05-02,22:37:10,-07:00,2026-05-02T22:37:10-07:00,0,0
style.css,214,css,52e66084,gabrielborjas,2026-05-02,22:37:10,-07:00,2026-05-02T22:37:10-07:00,0,18
style.css,215,css,52e66084,gabrielborjas,2026-05-02,22:37:10,-07:00,2026-05-02T22:37:10-07:00,1,17
style.css,216,css,52e66084,gabrielborjas,2026-05-02,22:37:10,-07:00,2026-05-02T22:37:10-07:00,0,0
style.css,217,css,52e66084,gabrielborjas,2026-05-02,22:37:10,-07:00,2026-05-02T22:37:10-07:00,0,0
style.css,218,css,52e66084,gabrielborjas,2026-05-02,22:37:10,-07:00,2026-05-02T22:37:10-07:00,0,17
style.css,219,css,52e66084,gabrielborjas,2026-05-02,22:37:10,-07:00,2026-05-02T22:37:10-07:00,1,29
style.css,220,css,e7c840ff,gabrielborjas,2026-04-17,23:08:31,-07:00,2026-04-17T23:08:31-07:00,0,0
index.js,1,js,3bf3f21f,gabrielborjas,2026-04-23,18:45:03,-07:00,2026-04-23T18:45:03-07:00,0,71
index.js,2,js,e97b656e,gabrielborjas,2026-04-23,17:14:50,-07:00,2026-04-23T17:14:50-07:00,0,54
index.js,3,js,e97b656e,gabrielborjas,2026-04-23,17:14:50,-07:00,2026-04-23T17:14:50-07:00,0,42
index.js,4,js,e97b656e,gabrielborjas,2026-04-23,17:14:50,-07:00,2026-04-23T17:14:50-07:00,0,60
index.js,5,js,39c2fa80,gabrielborjas,2026-04-23,18:00:08,-07:00,2026-04-23T18:00:08-07:00,0,54
index.js,6,js,39c2fa80,gabrielborjas,2026-04-23,18:00:08,-07:00,2026-04-23T18:00:08-07:00,0,56
index.js,7,js,39c2fa80,gabrielborjas,2026-04-23,18:00:08,-07:00,2026-04-23T18:00:08-07:00,0,60
index.js,8,js,39c2fa80,gabrielborjas,2026-04-23,18:00:08,-07:00,2026-04-23T18:00:08-07:00,0,0
index.js,9,js,3bf3f21f,gabrielborjas,2026-04-23,18:45:03,-07:00,2026-04-23T18:45:03-07:00,0,17
index.js,10,js,3bf3f21f,gabrielborjas,2026-04-23,18:45:03,-07:00,2026-04-23T18:45:03-07:00,1,24
index.js,11,js,3bf3f21f,gabrielborjas,2026-04-23,18:45:03,-07:00,2026-04-23T18:45:03-07:00,2,2
index.js,12,js,3bf3f21f,gabrielborjas,2026-04-23,18:45:03,-07:00,2026-04-23T18:45:03-07:00,3,55
index.js,13,js,3bf3f21f,gabrielborjas,2026-04-23,18:45:03,-07:00,2026-04-23T18:45:03-07:00,3,55
index.js,14,js,3bf3f21f,gabrielborjas,2026-04-23,18:45:03,-07:00,2026-04-23T18:45:03-07:00,3,49
index.js,15,js,3bf3f21f,gabrielborjas,2026-04-23,18:45:03,-07:00,2026-04-23T18:45:03-07:00,3,49
index.js,16,js,3bf3f21f,gabrielborjas,2026-04-23,18:45:03,-07:00,2026-04-23T18:45:03-07:00,2,3
index.js,17,js,3bf3f21f,gabrielborjas,2026-04-23,18:45:03,-07:00,2026-04-23T18:45:03-07:00,1,0
index.js,18,js,3bf3f21f,gabrielborjas,2026-04-23,18:45:03,-07:00,2026-04-23T18:45:03-07:00,0,0
index.html,1,html,8f444f9d,gabrielborjas,2026-04-03,19:51:04,-07:00,2026-04-03T19:51:04-07:00,0,13
index.html,2,html,8f444f9d,gabrielborjas,2026-04-03,19:51:04,-07:00,2026-04-03T19:51:04-07:00,0,14
index.html,3,html,8f444f9d,gabrielborjas,2026-04-03,19:51:04,-07:00,2026-04-03T19:51:04-07:00,0,4
index.html,4,html,8f444f9d,gabrielborjas,2026-04-03,19:51:04,-07:00,2026-04-03T19:51:04-07:00,2,20
index.html,5,html,8f444f9d,gabrielborjas,2026-04-03,19:51:04,-07:00,2026-04-03T19:51:04-07:00,2,68
index.html,6,html,8f444f9d,gabrielborjas,2026-04-03,19:51:04,-07:00,2026-04-03T19:51:04-07:00,2,63
index.html,7,html,7f144a90,gabrielborjas,2026-04-03,20:15:00,-07:00,2026-04-03T20:15:00-07:00,2,38
index.html,8,html,9fd068eb,gabrielborjas,2026-04-17,13:45:04,-07:00,2026-04-17T13:45:04-07:00,2,45
index.html,9,html,e97b656e,gabrielborjas,2026-04-23,17:14:50,-07:00,2026-04-23T17:14:50-07:00,2,50
index.html,10,html,8f444f9d,gabrielborjas,2026-04-03,19:51:04,-07:00,2026-04-03T19:51:04-07:00,0,5
index.html,11,html,8f444f9d,gabrielborjas,2026-04-03,19:51:04,-07:00,2026-04-03T19:51:04-07:00,0,4
index.html,12,html,8f444f9d,gabrielborjas,2026-04-03,19:51:04,-07:00,2026-04-03T19:51:04-07:00,2,27
index.html,13,html,6ced664f,gabrielborjas,2026-04-03,21:29:56,-07:00,2026-04-03T21:29:56-07:00,2,98
index.html,14,html,8f444f9d,gabrielborjas,2026-04-03,19:51:04,-07:00,2026-04-03T19:51:04-07:00,2,1
index.html,15,html,7f144a90,gabrielborjas,2026-04-03,20:15:00,-07:00,2026-04-03T20:15:00-07:00,2,158
index.html,16,html,8f444f9d,gabrielborjas,2026-04-03,19:51:04,-07:00,2026-04-03T19:51:04-07:00,1,2
index.html,17,html,3bf3f21f,gabrielborjas,2026-04-23,18:45:03,-07:00,2026-04-23T18:45:03-07:00,0,0
index.html,18,html,3bf3f21f,gabrielborjas,2026-04-23,18:45:03,-07:00,2026-04-23T18:45:03-07:00,1,22
index.html,19,html,3bf3f21f,gabrielborjas,2026-04-23,18:45:03,-07:00,2026-04-23T18:45:03-07:00,2,28
index.html,20,html,e97b656e,gabrielborjas,2026-04-23,17:14:50,-07:00,2026-04-23T17:14:50-07:00,1,22
index.html,21,html,e97b656e,gabrielborjas,2026-04-23,17:14:50,-07:00,2026-04-23T17:14:50-07:00,1,20
index.html,22,html,e97b656e,gabrielborjas,2026-04-23,17:14:50,-07:00,2026-04-23T17:14:50-07:00,1,49
index.html,23,html,e97b656e,gabrielborjas,2026-04-23,17:14:50,-07:00,2026-04-23T17:14:50-07:00,0,4
index.html,24,html,8f444f9d,gabrielborjas,2026-04-03,19:51:04,-07:00,2026-04-03T19:51:04-07:00,2,0
index.html,25,html,8f444f9d,gabrielborjas,2026-04-03,19:51:04,-07:00,2026-04-03T19:51:04-07:00,0,5
index.html,26,html,8f444f9d,gabrielborjas,2026-04-03,19:51:04,-07:00,2026-04-03T19:51:04-07:00,0,5
global.js,1,js,9fd068eb,gabrielborjas,2026-04-17,13:45:04,-07:00,2026-04-17T13:45:04-07:00,0,26
global.js,2,js,9fd068eb,gabrielborjas,2026-04-17,13:45:04,-07:00,2026-04-17T13:45:04-07:00,0,41
global.js,3,js,9fd068eb,gabrielborjas,2026-04-17,13:45:04,-07:00,2026-04-17T13:45:04-07:00,1,52
global.js,4,js,9fd068eb,gabrielborjas,2026-04-17,13:45:04,-07:00,2026-04-17T13:45:04-07:00,0,0
global.js,5,js,9fd068eb,gabrielborjas,2026-04-17,13:45:04,-07:00,2026-04-17T13:45:04-07:00,0,0
global.js,6,js,b6b54af8,gabrielborjas,2026-04-17,14:42:58,-07:00,2026-04-17T14:42:58-07:00,0,28
global.js,7,js,b6b54af8,gabrielborjas,2026-04-17,14:42:58,-07:00,2026-04-17T14:42:58-07:00,0,33
global.js,8,js,b6b54af8,gabrielborjas,2026-04-17,14:42:58,-07:00,2026-04-17T14:42:58-07:00,0,71
global.js,9,js,b6b54af8,gabrielborjas,2026-04-17,14:42:58,-07:00,2026-04-17T14:42:58-07:00,0,3
global.js,10,js,b6b54af8,gabrielborjas,2026-04-17,14:42:58,-07:00,2026-04-17T14:42:58-07:00,0,0
global.js,11,js,b6b54af8,gabrielborjas,2026-04-17,14:42:58,-07:00,2026-04-17T14:42:58-07:00,0,39
global.js,12,js,b6b54af8,gabrielborjas,2026-04-17,14:42:58,-07:00,2026-04-17T14:42:58-07:00,0,0
global.js,13,js,b6b54af8,gabrielborjas,2026-04-17,14:42:58,-07:00,2026-04-17T14:42:58-07:00,0,88
global.js,14,js,b6b54af8,gabrielborjas,2026-04-17,14:42:58,-07:00,2026-04-17T14:42:58-07:00,1,3
global.js,15,js,b6b54af8,gabrielborjas,2026-04-17,14:42:58,-07:00,2026-04-17T14:42:58-07:00,1,14
global.js,16,js,b6b54af8,gabrielborjas,2026-04-17,14:42:58,-07:00,2026-04-17T14:42:58-07:00,0,0
global.js,17,js,b6b54af8,gabrielborjas,2026-04-17,14:42:58,-07:00,2026-04-17T14:42:58-07:00,0,11
global.js,18,js,b6b54af8,gabrielborjas,2026-04-17,14:42:58,-07:00,2026-04-17T14:42:58-07:00,1,25
global.js,19,js,b6b54af8,gabrielborjas,2026-04-17,14:42:58,-07:00,2026-04-17T14:42:58-07:00,1,38
global.js,20,js,b6b54af8,gabrielborjas,2026-04-17,14:42:58,-07:00,2026-04-17T14:42:58-07:00,1,36
global.js,21,js,b6b54af8,gabrielborjas,2026-04-17,14:42:58,-07:00,2026-04-17T14:42:58-07:00,1,34
global.js,22,js,00000000,Not Committed Yet,2026-05-08,13:44:47,-07:00,2026-05-08T13:44:47-07:00,1,30
global.js,23,js,b6b54af8,gabrielborjas,2026-04-17,14:42:58,-07:00,2026-04-17T14:42:58-07:00,1,59
global.js,24,js,b6b54af8,gabrielborjas,2026-04-17,14:42:58,-07:00,2026-04-17T14:42:58-07:00,0,0
global.js,25,js,b6b54af8,gabrielborjas,2026-04-17,14:42:58,-07:00,2026-04-17T14:42:58-07:00,0,0
global.js,26,js,b6b54af8,gabrielborjas,2026-04-17,14:42:58,-07:00,2026-04-17T14:42:58-07:00,0,38
global.js,27,js,b6b54af8,gabrielborjas,2026-04-17,14:42:58,-07:00,2026-04-17T14:42:58-07:00,0,25
global.js,28,js,b6b54af8,gabrielborjas,2026-04-17,14:42:58,-07:00,2026-04-17T14:42:58-07:00,0,0
global.js,29,js,b6b54af8,gabrielborjas,2026-04-17,14:42:58,-07:00,2026-04-17T14:42:58-07:00,0,20
global.js,30,js,b6b54af8,gabrielborjas,2026-04-17,14:42:58,-07:00,2026-04-17T14:42:58-07:00,1,14
global.js,31,js,b6b54af8,gabrielborjas,2026-04-17,14:42:58,-07:00,2026-04-17T14:42:58-07:00,1,18
global.js,32,js,b6b54af8,gabrielborjas,2026-04-17,14:42:58,-07:00,2026-04-17T14:42:58-07:00,0,0
global.js,33,js,b6b54af8,gabrielborjas,2026-04-17,14:42:58,-07:00,2026-04-17T14:42:58-07:00,1,52
global.js,34,js,b6b54af8,gabrielborjas,2026-04-17,14:42:58,-07:00,2026-04-17T14:42:58-07:00,0,0
global.js,35,js,e7c840ff,gabrielborjas,2026-04-17,23:08:31,-07:00,2026-04-17T23:08:31-07:00,1,34
global.js,36,js,e7c840ff,gabrielborjas,2026-04-17,23:08:31,-07:00,2026-04-17T23:08:31-07:00,1,11
global.js,37,js,e7c840ff,gabrielborjas,2026-04-17,23:08:31,-07:00,2026-04-17T23:08:31-07:00,1,20
global.js,38,js,e7c840ff,gabrielborjas,2026-04-17,23:08:31,-07:00,2026-04-17T23:08:31-07:00,1,12
global.js,39,js,e7c840ff,gabrielborjas,2026-04-17,23:08:31,-07:00,2026-04-17T23:08:31-07:00,0,0
global.js,40,js,e7c840ff,gabrielborjas,2026-04-17,23:08:31,-07:00,2026-04-17T23:08:31-07:00,1,90
global.js,41,js,e7c840ff,gabrielborjas,2026-04-17,23:08:31,-07:00,2026-04-17T23:08:31-07:00,0,0
global.js,42,js,e7c840ff,gabrielborjas,2026-04-17,23:08:31,-07:00,2026-04-17T23:08:31-07:00,1,29
global.js,43,js,e7c840ff,gabrielborjas,2026-04-17,23:08:31,-07:00,2026-04-17T23:08:31-07:00,2,18
global.js,44,js,e7c840ff,gabrielborjas,2026-04-17,23:08:31,-07:00,2026-04-17T23:08:31-07:00,1,0
global.js,45,js,e7c840ff,gabrielborjas,2026-04-17,23:08:31,-07:00,2026-04-17T23:08:31-07:00,0,0
global.js,46,js,e7c840ff,gabrielborjas,2026-04-17,23:08:31,-07:00,2026-04-17T23:08:31-07:00,0,0
global.js,47,js,e7c840ff,gabrielborjas,2026-04-17,23:08:31,-07:00,2026-04-17T23:08:31-07:00,0,0
global.js,48,js,e7c840ff,gabrielborjas,2026-04-17,23:08:31,-07:00,2026-04-17T23:08:31-07:00,0,31
global.js,49,js,e7c840ff,gabrielborjas,2026-04-17,23:08:31,-07:00,2026-04-17T23:08:31-07:00,1,11
global.js,50,js,e7c840ff,gabrielborjas,2026-04-17,23:08:31,-07:00,2026-04-17T23:08:31-07:00,1,27
global.js,51,js,e7c840ff,gabrielborjas,2026-04-17,23:08:31,-07:00,2026-04-17T23:08:31-07:00,2,4
global.js,52,js,e7c840ff,gabrielborjas,2026-04-17,23:08:31,-07:00,2026-04-17T23:08:31-07:00,2,6
global.js,53,js,e7c840ff,gabrielborjas,2026-04-17,23:08:31,-07:00,2026-04-17T23:08:31-07:00,3,43
global.js,54,js,e7c840ff,gabrielborjas,2026-04-17,23:08:31,-07:00,2026-04-17T23:08:31-07:00,3,34
global.js,55,js,e7c840ff,gabrielborjas,2026-04-17,23:08:31,-07:00,2026-04-17T23:08:31-07:00,3,32
global.js,56,js,e7c840ff,gabrielborjas,2026-04-17,23:08:31,-07:00,2026-04-17T23:08:31-07:00,2,7
global.js,57,js,e7c840ff,gabrielborjas,2026-04-17,23:08:31,-07:00,2026-04-17T23:08:31-07:00,1,7
global.js,58,js,e7c840ff,gabrielborjas,2026-04-17,23:08:31,-07:00,2026-04-17T23:08:31-07:00,0,0
global.js,59,js,e7c840ff,gabrielborjas,2026-04-17,23:08:31,-07:00,2026-04-17T23:08:31-07:00,0,0
global.js,60,js,e7c840ff,gabrielborjas,2026-04-17,23:08:31,-07:00,2026-04-17T23:08:31-07:00,0,58
global.js,61,js,e7c840ff,gabrielborjas,2026-04-17,23:08:31,-07:00,2026-04-17T23:08:31-07:00,0,0
global.js,62,js,e7c840ff,gabrielborjas,2026-04-17,23:08:31,-07:00,2026-04-17T23:08:31-07:00,0,36
global.js,63,js,e7c840ff,gabrielborjas,2026-04-17,23:08:31,-07:00,2026-04-17T23:08:31-07:00,1,70
global.js,64,js,e7c840ff,gabrielborjas,2026-04-17,23:08:31,-07:00,2026-04-17T23:08:31-07:00,1,25
global.js,65,js,e7c840ff,gabrielborjas,2026-04-17,23:08:31,-07:00,2026-04-17T23:08:31-07:00,0,0
global.js,66,js,e7c840ff,gabrielborjas,2026-04-17,23:08:31,-07:00,2026-04-17T23:08:31-07:00,0,0
global.js,67,js,e7c840ff,gabrielborjas,2026-04-17,23:08:31,-07:00,2026-04-17T23:08:31-07:00,0,34
global.js,68,js,e7c840ff,gabrielborjas,2026-04-17,23:08:31,-07:00,2026-04-17T23:08:31-07:00,1,39
global.js,69,js,b6b54af8,gabrielborjas,2026-04-17,14:42:58,-07:00,2026-04-17T14:42:58-07:00,0,0
global.js,70,js,b6b54af8,gabrielborjas,2026-04-17,14:42:58,-07:00,2026-04-17T14:42:58-07:00,0,0
global.js,71,js,e7c840ff,gabrielborjas,2026-04-17,23:08:31,-07:00,2026-04-17T23:08:31-07:00,0,48
global.js,72,js,e7c840ff,gabrielborjas,2026-04-17,23:08:31,-07:00,2026-04-17T23:08:31-07:00,1,44
global.js,73,js,e7c840ff,gabrielborjas,2026-04-17,23:08:31,-07:00,2026-04-17T23:08:31-07:00,1,33
global.js,74,js,e7c840ff,gabrielborjas,2026-04-17,23:08:31,-07:00,2026-04-17T23:08:31-07:00,0,1
global.js,75,js,b6b54af8,gabrielborjas,2026-04-17,14:42:58,-07:00,2026-04-17T14:42:58-07:00,0,0
global.js,76,js,e97b656e,gabrielborjas,2026-04-23,17:14:50,-07:00,2026-04-23T17:14:50-07:00,0,36
global.js,77,js,e97b656e,gabrielborjas,2026-04-23,17:14:50,-07:00,2026-04-23T17:14:50-07:00,1,3
global.js,78,js,e97b656e,gabrielborjas,2026-04-23,17:14:50,-07:00,2026-04-23T17:14:50-07:00,2,39
global.js,79,js,e97b656e,gabrielborjas,2026-04-23,17:14:50,-07:00,2026-04-23T17:14:50-07:00,2,32
global.js,80,js,9fd068eb,gabrielborjas,2026-04-17,13:45:04,-07:00,2026-04-17T13:45:04-07:00,0,0
global.js,81,js,e97b656e,gabrielborjas,2026-04-23,17:14:50,-07:00,2026-04-23T17:14:50-07:00,2,17
global.js,82,js,e97b656e,gabrielborjas,2026-04-23,17:14:50,-07:00,2026-04-23T17:14:50-07:00,3,66
global.js,83,js,e97b656e,gabrielborjas,2026-04-23,17:14:50,-07:00,2026-04-23T17:14:50-07:00,2,0
global.js,84,js,e97b656e,gabrielborjas,2026-04-23,17:14:50,-07:00,2026-04-23T17:14:50-07:00,0,0
global.js,85,js,e97b656e,gabrielborjas,2026-04-23,17:14:50,-07:00,2026-04-23T17:14:50-07:00,2,33
global.js,86,js,e97b656e,gabrielborjas,2026-04-23,17:14:50,-07:00,2026-04-23T17:14:50-07:00,2,10
global.js,87,js,e97b656e,gabrielborjas,2026-04-23,17:14:50,-07:00,2026-04-23T17:14:50-07:00,0,0
global.js,88,js,e97b656e,gabrielborjas,2026-04-23,17:14:50,-07:00,2026-04-23T17:14:50-07:00,1,15
global.js,89,js,e97b656e,gabrielborjas,2026-04-23,17:14:50,-07:00,2026-04-23T17:14:50-07:00,2,59
global.js,90,js,e97b656e,gabrielborjas,2026-04-23,17:14:50,-07:00,2026-04-23T17:14:50-07:00,1,0
global.js,91,js,e97b656e,gabrielborjas,2026-04-23,17:14:50,-07:00,2026-04-23T17:14:50-07:00,0,0
global.js,92,js,e97b656e,gabrielborjas,2026-04-23,17:14:50,-07:00,2026-04-23T17:14:50-07:00,0,0
global.js,93,js,47d0371c,gabrielborjas,2026-05-02,22:23:41,-07:00,2026-05-02T22:23:41-07:00,0,79
global.js,94,js,e97b656e,gabrielborjas,2026-04-23,17:14:50,-07:00,2026-04-23T17:14:50-07:00,1,30
global.js,95,js,47d0371c,gabrielborjas,2026-05-02,22:23:41,-07:00,2026-05-02T22:23:41-07:00,1,0
global.js,96,js,47d0371c,gabrielborjas,2026-05-02,22:23:41,-07:00,2026-05-02T22:23:41-07:00,1,27
global.js,97,js,47d0371c,gabrielborjas,2026-05-02,22:23:41,-07:00,2026-05-02T22:23:41-07:00,2,48
global.js,98,js,47d0371c,gabrielborjas,2026-05-02,22:23:41,-07:00,2026-05-02T22:23:41-07:00,2,19
global.js,99,js,47d0371c,gabrielborjas,2026-05-02,22:23:41,-07:00,2026-05-02T22:23:41-07:00,3,49
global.js,100,js,47d0371c,gabrielborjas,2026-05-02,22:23:41,-07:00,2026-05-02T22:23:41-07:00,3,49
global.js,101,js,47d0371c,gabrielborjas,2026-05-02,22:23:41,-07:00,2026-05-02T22:23:41-07:00,3,3
global.js,102,js,47d0371c,gabrielborjas,2026-05-02,22:23:41,-07:00,2026-05-02T22:23:41-07:00,4,27
global.js,103,js,47d0371c,gabrielborjas,2026-05-02,22:23:41,-07:00,2026-05-02T22:23:41-07:00,4,44
global.js,104,js,47d0371c,gabrielborjas,2026-05-02,22:23:41,-07:00,2026-05-02T22:23:41-07:00,3,4
global.js,105,js,47d0371c,gabrielborjas,2026-05-02,22:23:41,-07:00,2026-05-02T22:23:41-07:00,2,0
global.js,106,js,47d0371c,gabrielborjas,2026-05-02,22:23:41,-07:00,2026-05-02T22:23:41-07:00,2,36
global.js,107,js,47d0371c,gabrielborjas,2026-05-02,22:23:41,-07:00,2026-05-02T22:23:41-07:00,1,1
global.js,108,js,e97b656e,gabrielborjas,2026-04-23,17:14:50,-07:00,2026-04-23T17:14:50-07:00,0,0
global.js,109,js,3bf3f21f,gabrielborjas,2026-04-23,18:45:03,-07:00,2026-04-23T18:45:03-07:00,0,0
global.js,110,js,3bf3f21f,gabrielborjas,2026-04-23,18:45:03,-07:00,2026-04-23T18:45:03-07:00,0,47
global.js,111,js,3bf3f21f,gabrielborjas,2026-04-23,18:45:03,-07:00,2026-04-23T18:45:03-07:00,1,59
global.js,112,js,3bf3f21f,gabrielborjas,2026-04-23,18:45:03,-07:00,2026-04-23T18:45:03-07:00,0,0
resume/index.html,1,html,cc829328,gabrielborjas,2026-04-03,21:49:21,-07:00,2026-04-03T21:49:21-07:00,0,13
resume/index.html,2,html,cc829328,gabrielborjas,2026-04-03,21:49:21,-07:00,2026-04-03T21:49:21-07:00,0,14
resume/index.html,3,html,cc829328,gabrielborjas,2026-04-03,21:49:21,-07:00,2026-04-03T21:49:21-07:00,0,4
resume/index.html,4,html,cc829328,gabrielborjas,2026-04-03,21:49:21,-07:00,2026-04-03T21:49:21-07:00,2,20
resume/index.html,5,html,cc829328,gabrielborjas,2026-04-03,21:49:21,-07:00,2026-04-03T21:49:21-07:00,2,68
resume/index.html,6,html,cc829328,gabrielborjas,2026-04-03,21:49:21,-07:00,2026-04-03T21:49:21-07:00,2,19
resume/index.html,7,html,cc829328,gabrielborjas,2026-04-03,21:49:21,-07:00,2026-04-03T21:49:21-07:00,2,41
resume/index.html,8,html,b6b54af8,gabrielborjas,2026-04-17,14:42:58,-07:00,2026-04-17T14:42:58-07:00,2,48
resume/index.html,9,html,cc829328,gabrielborjas,2026-04-03,21:49:21,-07:00,2026-04-03T21:49:21-07:00,0,5
resume/index.html,10,html,cc829328,gabrielborjas,2026-04-03,21:49:21,-07:00,2026-04-03T21:49:21-07:00,0,4
resume/index.html,11,html,cc829328,gabrielborjas,2026-04-03,21:49:21,-07:00,2026-04-03T21:49:21-07:00,2,13
resume/index.html,12,html,cc829328,gabrielborjas,2026-04-03,21:49:21,-07:00,2026-04-03T21:49:21-07:00,2,7
resume/index.html,13,html,cc829328,gabrielborjas,2026-04-03,21:49:21,-07:00,2026-04-03T21:49:21-07:00,2,14
resume/index.html,14,html,cc829328,gabrielborjas,2026-04-03,21:49:21,-07:00,2026-04-03T21:49:21-07:00,2,73
resume/index.html,15,html,cc829328,gabrielborjas,2026-04-03,21:49:21,-07:00,2026-04-03T21:49:21-07:00,1,8
resume/index.html,16,html,cc829328,gabrielborjas,2026-04-03,21:49:21,-07:00,2026-04-03T21:49:21-07:00,0,0
resume/index.html,17,html,cc829328,gabrielborjas,2026-04-03,21:49:21,-07:00,2026-04-03T21:49:21-07:00,1,7
resume/index.html,18,html,cc829328,gabrielborjas,2026-04-03,21:49:21,-07:00,2026-04-03T21:49:21-07:00,2,16
resume/index.html,19,html,cc829328,gabrielborjas,2026-04-03,21:49:21,-07:00,2026-04-03T21:49:21-07:00,2,7
resume/index.html,20,html,cc829328,gabrielborjas,2026-04-03,21:49:21,-07:00,2026-04-03T21:49:21-07:00,3,11
resume/index.html,21,html,cc829328,gabrielborjas,2026-04-03,21:49:21,-07:00,2026-04-03T21:49:21-07:00,3,25
resume/index.html,22,html,cc829328,gabrielborjas,2026-04-03,21:49:21,-07:00,2026-04-03T21:49:21-07:00,3,95
resume/index.html,23,html,cc829328,gabrielborjas,2026-04-03,21:49:21,-07:00,2026-04-03T21:49:21-07:00,2,8
resume/index.html,24,html,cc829328,gabrielborjas,2026-04-03,21:49:21,-07:00,2026-04-03T21:49:21-07:00,1,8
resume/index.html,25,html,cc829328,gabrielborjas,2026-04-03,21:49:21,-07:00,2026-04-03T21:49:21-07:00,0,0
resume/index.html,26,html,cc829328,gabrielborjas,2026-04-03,21:49:21,-07:00,2026-04-03T21:49:21-07:00,1,7
resume/index.html,27,html,cc829328,gabrielborjas,2026-04-03,21:49:21,-07:00,2026-04-03T21:49:21-07:00,2,17
resume/index.html,28,html,cc829328,gabrielborjas,2026-04-03,21:49:21,-07:00,2026-04-03T21:49:21-07:00,2,7
resume/index.html,29,html,cc829328,gabrielborjas,2026-04-03,21:49:21,-07:00,2026-04-03T21:49:21-07:00,3,28
resume/index.html,30,html,cc829328,gabrielborjas,2026-04-03,21:49:21,-07:00,2026-04-03T21:49:21-07:00,3,91
resume/index.html,31,html,cc829328,gabrielborjas,2026-04-03,21:49:21,-07:00,2026-04-03T21:49:21-07:00,3,2
resume/index.html,32,html,cc829328,gabrielborjas,2026-04-03,21:49:21,-07:00,2026-04-03T21:49:21-07:00,4,56
resume/index.html,33,html,cc829328,gabrielborjas,2026-04-03,21:49:21,-07:00,2026-04-03T21:49:21-07:00,4,50
resume/index.html,34,html,cc829328,gabrielborjas,2026-04-03,21:49:21,-07:00,2026-04-03T21:49:21-07:00,3,3
resume/index.html,35,html,cc829328,gabrielborjas,2026-04-03,21:49:21,-07:00,2026-04-03T21:49:21-07:00,2,8
resume/index.html,36,html,cc829328,gabrielborjas,2026-04-03,21:49:21,-07:00,2026-04-03T21:49:21-07:00,1,8
resume/index.html,37,html,cc829328,gabrielborjas,2026-04-03,21:49:21,-07:00,2026-04-03T21:49:21-07:00,0,0
resume/index.html,38,html,cc829328,gabrielborjas,2026-04-03,21:49:21,-07:00,2026-04-03T21:49:21-07:00,1,7
resume/index.html,39,html,cc829328,gabrielborjas,2026-04-03,21:49:21,-07:00,2026-04-03T21:49:21-07:00,2,13
resume/index.html,40,html,60f670af,gabrielborjas,2026-04-10,21:07:54,-07:00,2026-04-10T21:07:54-07:00,2,17
resume/index.html,41,html,cc829328,gabrielborjas,2026-04-03,21:49:21,-07:00,2026-04-03T21:49:21-07:00,3,11
resume/index.html,42,html,cc829328,gabrielborjas,2026-04-03,21:49:21,-07:00,2026-04-03T21:49:21-07:00,3,10
resume/index.html,43,html,cc829328,gabrielborjas,2026-04-03,21:49:21,-07:00,2026-04-03T21:49:21-07:00,3,13
resume/index.html,44,html,cc829328,gabrielborjas,2026-04-03,21:49:21,-07:00,2026-04-03T21:49:21-07:00,3,10
resume/index.html,45,html,cc829328,gabrielborjas,2026-04-03,21:49:21,-07:00,2026-04-03T21:49:21-07:00,2,3
resume/index.html,46,html,cc829328,gabrielborjas,2026-04-03,21:49:21,-07:00,2026-04-03T21:49:21-07:00,1,8
resume/index.html,47,html,cc829328,gabrielborjas,2026-04-03,21:49:21,-07:00,2026-04-03T21:49:21-07:00,2,0
resume/index.html,48,html,cc829328,gabrielborjas,2026-04-03,21:49:21,-07:00,2026-04-03T21:49:21-07:00,0,5
resume/index.html,49,html,cc829328,gabrielborjas,2026-04-03,21:49:21,-07:00,2026-04-03T21:49:21-07:00,0,5
projects/projects.js,1,js,e97b656e,gabrielborjas,2026-04-23,17:14:50,-07:00,2026-04-23T17:14:50-07:00,0,55
projects/projects.js,2,js,47d0371c,gabrielborjas,2026-05-02,22:23:41,-07:00,2026-05-02T22:23:41-07:00,0,63
projects/projects.js,3,js,47d0371c,gabrielborjas,2026-05-02,22:23:41,-07:00,2026-05-02T22:23:41-07:00,0,0
projects/projects.js,4,js,e97b656e,gabrielborjas,2026-04-23,17:14:50,-07:00,2026-04-23T17:14:50-07:00,0,55
projects/projects.js,5,js,e97b656e,gabrielborjas,2026-04-23,17:14:50,-07:00,2026-04-23T17:14:50-07:00,0,60
projects/projects.js,6,js,e97b656e,gabrielborjas,2026-04-23,17:14:50,-07:00,2026-04-23T17:14:50-07:00,0,48
projects/projects.js,7,js,e97b656e,gabrielborjas,2026-04-23,17:14:50,-07:00,2026-04-23T17:14:50-07:00,0,62
projects/projects.js,8,js,47d0371c,gabrielborjas,2026-05-02,22:23:41,-07:00,2026-05-02T22:23:41-07:00,0,56
projects/projects.js,9,js,47d0371c,gabrielborjas,2026-05-02,22:23:41,-07:00,2026-05-02T22:23:41-07:00,0,0
projects/projects.js,10,js,52996580,gabrielborjas,2026-05-02,22:28:04,-07:00,2026-05-02T22:28:04-07:00,0,13
projects/projects.js,11,js,52e66084,gabrielborjas,2026-05-02,22:37:10,-07:00,2026-05-02T22:37:10-07:00,0,21
projects/projects.js,12,js,52e66084,gabrielborjas,2026-05-02,22:37:10,-07:00,2026-05-02T22:37:10-07:00,0,47
projects/projects.js,13,js,52e66084,gabrielborjas,2026-05-02,22:37:10,-07:00,2026-05-02T22:37:10-07:00,0,57
projects/projects.js,14,js,52996580,gabrielborjas,2026-05-02,22:28:04,-07:00,2026-05-02T22:28:04-07:00,0,0
projects/projects.js,15,js,52e66084,gabrielborjas,2026-05-02,22:37:10,-07:00,2026-05-02T22:37:10-07:00,0,38
projects/projects.js,16,js,52e66084,gabrielborjas,2026-05-02,22:37:10,-07:00,2026-05-02T22:37:10-07:00,1,29
projects/projects.js,17,js,52e66084,gabrielborjas,2026-05-02,22:37:10,-07:00,2026-05-02T22:37:10-07:00,2,12
projects/projects.js,18,js,52e66084,gabrielborjas,2026-05-02,22:37:10,-07:00,2026-05-02T22:37:10-07:00,2,14
projects/projects.js,19,js,52e66084,gabrielborjas,2026-05-02,22:37:10,-07:00,2026-05-02T22:37:10-07:00,2,12
projects/projects.js,20,js,52e66084,gabrielborjas,2026-05-02,22:37:10,-07:00,2026-05-02T22:37:10-07:00,1,0
projects/projects.js,21,js,52996580,gabrielborjas,2026-05-02,22:28:04,-07:00,2026-05-02T22:28:04-07:00,0,0
projects/projects.js,22,js,52e66084,gabrielborjas,2026-05-02,22:37:10,-07:00,2026-05-02T22:37:10-07:00,1,50
projects/projects.js,23,js,52e66084,gabrielborjas,2026-05-02,22:37:10,-07:00,2026-05-02T22:37:10-07:00,2,35
projects/projects.js,24,js,52e66084,gabrielborjas,2026-05-02,22:37:10,-07:00,2026-05-02T22:37:10-07:00,1,1
projects/projects.js,25,js,47d0371c,gabrielborjas,2026-05-02,22:23:41,-07:00,2026-05-02T22:23:41-07:00,0,0
projects/projects.js,26,js,52e66084,gabrielborjas,2026-05-02,22:37:10,-07:00,2026-05-02T22:37:10-07:00,1,53
projects/projects.js,27,js,52e66084,gabrielborjas,2026-05-02,22:37:10,-07:00,2026-05-02T22:37:10-07:00,1,42
projects/projects.js,28,js,52e66084,gabrielborjas,2026-05-02,22:37:10,-07:00,2026-05-02T22:37:10-07:00,1,51
projects/projects.js,29,js,52e66084,gabrielborjas,2026-05-02,22:37:10,-07:00,2026-05-02T22:37:10-07:00,0,0
projects/projects.js,30,js,52e66084,gabrielborjas,2026-05-02,22:37:10,-07:00,2026-05-02T22:37:10-07:00,1,25
projects/projects.js,31,js,52e66084,gabrielborjas,2026-05-02,22:37:10,-07:00,2026-05-02T22:37:10-07:00,1,29
projects/projects.js,32,js,52e66084,gabrielborjas,2026-05-02,22:37:10,-07:00,2026-05-02T22:37:10-07:00,0,0
projects/projects.js,33,js,52e66084,gabrielborjas,2026-05-02,22:37:10,-07:00,2026-05-02T22:37:10-07:00,1,32
projects/projects.js,34,js,52e66084,gabrielborjas,2026-05-02,22:37:10,-07:00,2026-05-02T22:37:10-07:00,1,30
projects/projects.js,35,js,52e66084,gabrielborjas,2026-05-02,22:37:10,-07:00,2026-05-02T22:37:10-07:00,0,0
projects/projects.js,36,js,52e66084,gabrielborjas,2026-05-02,22:37:10,-07:00,2026-05-02T22:37:10-07:00,1,27
projects/projects.js,37,js,52e66084,gabrielborjas,2026-05-02,22:37:10,-07:00,2026-05-02T22:37:10-07:00,2,1
projects/projects.js,38,js,52e66084,gabrielborjas,2026-05-02,22:37:10,-07:00,2026-05-02T22:37:10-07:00,3,13
projects/projects.js,39,js,52e66084,gabrielborjas,2026-05-02,22:37:10,-07:00,2026-05-02T22:37:10-07:00,3,13
projects/projects.js,40,js,52e66084,gabrielborjas,2026-05-02,22:37:10,-07:00,2026-05-02T22:37:10-07:00,3,22
projects/projects.js,41,js,52e66084,gabrielborjas,2026-05-02,22:37:10,-07:00,2026-05-02T22:37:10-07:00,3,18
projects/projects.js,42,js,52e66084,gabrielborjas,2026-05-02,22:37:10,-07:00,2026-05-02T22:37:10-07:00,4,43
projects/projects.js,43,js,52e66084,gabrielborjas,2026-05-02,22:37:10,-07:00,2026-05-02T22:37:10-07:00,0,0
projects/projects.js,44,js,52e66084,gabrielborjas,2026-05-02,22:37:10,-07:00,2026-05-02T22:37:10-07:00,4,1
projects/projects.js,45,js,52e66084,gabrielborjas,2026-05-02,22:37:10,-07:00,2026-05-02T22:37:10-07:00,5,16
projects/projects.js,46,js,52e66084,gabrielborjas,2026-05-02,22:37:10,-07:00,2026-05-02T22:37:10-07:00,5,24
projects/projects.js,47,js,52e66084,gabrielborjas,2026-05-02,22:37:10,-07:00,2026-05-02T22:37:10-07:00,6,37
projects/projects.js,48,js,52e66084,gabrielborjas,2026-05-02,22:37:10,-07:00,2026-05-02T22:37:10-07:00,5,0
projects/projects.js,49,js,52e66084,gabrielborjas,2026-05-02,22:37:10,-07:00,2026-05-02T22:37:10-07:00,0,0
projects/projects.js,50,js,52e66084,gabrielborjas,2026-05-02,22:37:10,-07:00,2026-05-02T22:37:10-07:00,4,4
projects/projects.js,51,js,52e66084,gabrielborjas,2026-05-02,22:37:10,-07:00,2026-05-02T22:37:10-07:00,5,14
projects/projects.js,52,js,52e66084,gabrielborjas,2026-05-02,22:37:10,-07:00,2026-05-02T22:37:10-07:00,5,24
projects/projects.js,53,js,52e66084,gabrielborjas,2026-05-02,22:37:10,-07:00,2026-05-02T22:37:10-07:00,6,19
projects/projects.js,54,js,52e66084,gabrielborjas,2026-05-02,22:37:10,-07:00,2026-05-02T22:37:10-07:00,7,22
projects/projects.js,55,js,52e66084,gabrielborjas,2026-05-02,22:37:10,-07:00,2026-05-02T22:37:10-07:00,7,13
projects/projects.js,56,js,52e66084,gabrielborjas,2026-05-02,22:37:10,-07:00,2026-05-02T22:37:10-07:00,5,0
projects/projects.js,57,js,52e66084,gabrielborjas,2026-05-02,22:37:10,-07:00,2026-05-02T22:37:10-07:00,0,0
projects/projects.js,58,js,52e66084,gabrielborjas,2026-05-02,22:37:10,-07:00,2026-05-02T22:37:10-07:00,4,25
projects/projects.js,59,js,52e66084,gabrielborjas,2026-05-02,22:37:10,-07:00,2026-05-02T22:37:10-07:00,5,53
projects/projects.js,60,js,52e66084,gabrielborjas,2026-05-02,22:37:10,-07:00,2026-05-02T22:37:10-07:00,4,6
projects/projects.js,61,js,52e66084,gabrielborjas,2026-05-02,22:37:10,-07:00,2026-05-02T22:37:10-07:00,5,46
projects/projects.js,62,js,52e66084,gabrielborjas,2026-05-02,22:37:10,-07:00,2026-05-02T22:37:10-07:00,5,40
projects/projects.js,63,js,52e66084,gabrielborjas,2026-05-02,22:37:10,-07:00,2026-05-02T22:37:10-07:00,6,41
projects/projects.js,64,js,52e66084,gabrielborjas,2026-05-02,22:37:10,-07:00,2026-05-02T22:37:10-07:00,5,0
projects/projects.js,65,js,52e66084,gabrielborjas,2026-05-02,22:37:10,-07:00,2026-05-02T22:37:10-07:00,5,54
projects/projects.js,66,js,52e66084,gabrielborjas,2026-05-02,22:37:10,-07:00,2026-05-02T22:37:10-07:00,4,0
projects/projects.js,67,js,52e66084,gabrielborjas,2026-05-02,22:37:10,-07:00,2026-05-02T22:37:10-07:00,3,1
projects/projects.js,68,js,52e66084,gabrielborjas,2026-05-02,22:37:10,-07:00,2026-05-02T22:37:10-07:00,1,1
projects/projects.js,69,js,52e66084,gabrielborjas,2026-05-02,22:37:10,-07:00,2026-05-02T22:37:10-07:00,0,0
projects/projects.js,70,js,52e66084,gabrielborjas,2026-05-02,22:37:10,-07:00,2026-05-02T22:37:10-07:00,1,27
projects/projects.js,71,js,52e66084,gabrielborjas,2026-05-02,22:37:10,-07:00,2026-05-02T22:37:10-07:00,2,4
projects/projects.js,72,js,52e66084,gabrielborjas,2026-05-02,22:37:10,-07:00,2026-05-02T22:37:10-07:00,3,11
projects/projects.js,73,js,52e66084,gabrielborjas,2026-05-02,22:37:10,-07:00,2026-05-02T22:37:10-07:00,3,38
projects/projects.js,74,js,52e66084,gabrielborjas,2026-05-02,22:37:10,-07:00,2026-05-02T22:37:10-07:00,3,27
projects/projects.js,75,js,52e66084,gabrielborjas,2026-05-02,22:37:10,-07:00,2026-05-02T22:37:10-07:00,3,69
projects/projects.js,76,js,52e66084,gabrielborjas,2026-05-02,22:37:10,-07:00,2026-05-02T22:37:10-07:00,1,1
projects/projects.js,77,js,52e66084,gabrielborjas,2026-05-02,22:37:10,-07:00,2026-05-02T22:37:10-07:00,0,0
projects/projects.js,78,js,52e66084,gabrielborjas,2026-05-02,22:37:10,-07:00,2026-05-02T22:37:10-07:00,0,0
projects/projects.js,79,js,52e66084,gabrielborjas,2026-05-02,22:37:10,-07:00,2026-05-02T22:37:10-07:00,0,23
projects/projects.js,80,js,52e66084,gabrielborjas,2026-05-02,22:37:10,-07:00,2026-05-02T22:37:10-07:00,0,0
projects/projects.js,81,js,52e66084,gabrielborjas,2026-05-02,22:37:10,-07:00,2026-05-02T22:37:10-07:00,0,53
projects/projects.js,82,js,52e66084,gabrielborjas,2026-05-02,22:37:10,-07:00,2026-05-02T22:37:10-07:00,0,48
projects/projects.js,83,js,52e66084,gabrielborjas,2026-05-02,22:37:10,-07:00,2026-05-02T22:37:10-07:00,1,25
projects/projects.js,84,js,52e66084,gabrielborjas,2026-05-02,22:37:10,-07:00,2026-05-02T22:37:10-07:00,0,0
projects/projects.js,85,js,52e66084,gabrielborjas,2026-05-02,22:37:10,-07:00,2026-05-02T22:37:10-07:00,1,51
projects/projects.js,86,js,52e66084,gabrielborjas,2026-05-02,22:37:10,-07:00,2026-05-02T22:37:10-07:00,2,59
projects/projects.js,87,js,52e66084,gabrielborjas,2026-05-02,22:37:10,-07:00,2026-05-02T22:37:10-07:00,2,42
projects/projects.js,88,js,52e66084,gabrielborjas,2026-05-02,22:37:10,-07:00,2026-05-02T22:37:10-07:00,1,1
projects/projects.js,89,js,47d0371c,gabrielborjas,2026-05-02,22:23:41,-07:00,2026-05-02T22:23:41-07:00,0,0
projects/projects.js,90,js,52e66084,gabrielborjas,2026-05-02,22:37:10,-07:00,2026-05-02T22:37:10-07:00,1,56
projects/projects.js,91,js,52e66084,gabrielborjas,2026-05-02,22:37:10,-07:00,2026-05-02T22:37:10-07:00,1,31
projects/projects.js,92,js,47d0371c,gabrielborjas,2026-05-02,22:23:41,-07:00,2026-05-02T22:23:41-07:00,0,1
projects/index.html,1,html,0f139e8b,gabrielborjas,2026-04-03,20:38:15,-07:00,2026-04-03T20:38:15-07:00,0,13
projects/index.html,2,html,0f139e8b,gabrielborjas,2026-04-03,20:38:15,-07:00,2026-04-03T20:38:15-07:00,0,14
projects/index.html,3,html,0f139e8b,gabrielborjas,2026-04-03,20:38:15,-07:00,2026-04-03T20:38:15-07:00,0,4
projects/index.html,4,html,68a26b37,gabrielborjas,2026-04-10,16:08:35,-07:00,2026-04-10T16:08:35-07:00,2,41
projects/index.html,5,html,0f139e8b,gabrielborjas,2026-04-03,20:38:15,-07:00,2026-04-03T20:38:15-07:00,2,20
projects/index.html,6,html,0f139e8b,gabrielborjas,2026-04-03,20:38:15,-07:00,2026-04-03T20:38:15-07:00,2,68
projects/index.html,7,html,1c86f6ed,gabrielborjas,2026-04-17,13:49:37,-07:00,2026-04-17T13:49:37-07:00,2,48
projects/index.html,8,html,47d0371c,gabrielborjas,2026-05-02,22:23:41,-07:00,2026-05-02T22:23:41-07:00,2,47
projects/index.html,9,html,47d0371c,gabrielborjas,2026-05-02,22:23:41,-07:00,2026-05-02T22:23:41-07:00,2,21
projects/index.html,10,html,0f139e8b,gabrielborjas,2026-04-03,20:38:15,-07:00,2026-04-03T20:38:15-07:00,0,5
projects/index.html,11,html,0f139e8b,gabrielborjas,2026-04-03,20:38:15,-07:00,2026-04-03T20:38:15-07:00,0,4
projects/index.html,12,html,e97b656e,gabrielborjas,2026-04-23,17:14:50,-07:00,2026-04-23T17:14:50-07:00,1,38
projects/index.html,13,html,52996580,gabrielborjas,2026-05-02,22:28:04,-07:00,2026-05-02T22:28:04-07:00,1,21
projects/index.html,14,html,52996580,gabrielborjas,2026-05-02,22:28:04,-07:00,2026-05-02T22:28:04-07:00,2,58
projects/index.html,15,html,52996580,gabrielborjas,2026-05-02,22:28:04,-07:00,2026-05-02T22:28:04-07:00,2,22
projects/index.html,16,html,52996580,gabrielborjas,2026-05-02,22:28:04,-07:00,2026-05-02T22:28:04-07:00,1,4
projects/index.html,17,html,52996580,gabrielborjas,2026-05-02,22:28:04,-07:00,2026-05-02T22:28:04-07:00,1,4
projects/index.html,18,html,52996580,gabrielborjas,2026-05-02,22:28:04,-07:00,2026-05-02T22:28:04-07:00,2,15
projects/index.html,19,html,52996580,gabrielborjas,2026-05-02,22:28:04,-07:00,2026-05-02T22:28:04-07:00,2,11
projects/index.html,20,html,52996580,gabrielborjas,2026-05-02,22:28:04,-07:00,2026-05-02T22:28:04-07:00,2,26
projects/index.html,21,html,52996580,gabrielborjas,2026-05-02,22:28:04,-07:00,2026-05-02T22:28:04-07:00,2,31
projects/index.html,22,html,52996580,gabrielborjas,2026-05-02,22:28:04,-07:00,2026-05-02T22:28:04-07:00,1,0
projects/index.html,23,html,06dcccbd,gabrielborjas,2026-04-23,16:36:57,-07:00,2026-04-23T16:36:57-07:00,1,26
projects/index.html,24,html,0f139e8b,gabrielborjas,2026-04-03,20:38:15,-07:00,2026-04-03T20:38:15-07:00,0,5
projects/index.html,25,html,0f139e8b,gabrielborjas,2026-04-03,20:38:15,-07:00,2026-04-03T20:38:15-07:00,0,5
contact/index.html,1,html,0f139e8b,gabrielborjas,2026-04-03,20:38:15,-07:00,2026-04-03T20:38:15-07:00,0,13
contact/index.html,2,html,0f139e8b,gabrielborjas,2026-04-03,20:38:15,-07:00,2026-04-03T20:38:15-07:00,0,14
contact/index.html,3,html,0f139e8b,gabrielborjas,2026-04-03,20:38:15,-07:00,2026-04-03T20:38:15-07:00,0,4
contact/index.html,4,html,0932dd4b,gabrielborjas,2026-04-10,14:43:21,-07:00,2026-04-10T14:43:21-07:00,2,41
contact/index.html,5,html,0f139e8b,gabrielborjas,2026-04-03,20:38:15,-07:00,2026-04-03T20:38:15-07:00,2,20
contact/index.html,6,html,0f139e8b,gabrielborjas,2026-04-03,20:38:15,-07:00,2026-04-03T20:38:15-07:00,2,68
contact/index.html,7,html,b6b54af8,gabrielborjas,2026-04-17,14:42:58,-07:00,2026-04-17T14:42:58-07:00,2,48
contact/index.html,8,html,0f139e8b,gabrielborjas,2026-04-03,20:38:15,-07:00,2026-04-03T20:38:15-07:00,2,20
contact/index.html,9,html,0f139e8b,gabrielborjas,2026-04-03,20:38:15,-07:00,2026-04-03T20:38:15-07:00,0,5
contact/index.html,10,html,0f139e8b,gabrielborjas,2026-04-03,20:38:15,-07:00,2026-04-03T20:38:15-07:00,0,4
contact/index.html,11,html,0f139e8b,gabrielborjas,2026-04-03,20:38:15,-07:00,2026-04-03T20:38:15-07:00,2,14
contact/index.html,12,html,c147aa7a,gabrielborjas,2026-04-03,21:17:29,-07:00,2026-04-03T21:17:29-07:00,2,74
contact/index.html,13,html,c147aa7a,gabrielborjas,2026-04-03,21:17:29,-07:00,2026-04-03T21:17:29-07:00,2,5
contact/index.html,14,html,c147aa7a,gabrielborjas,2026-04-03,21:17:29,-07:00,2026-04-03T21:17:29-07:00,3,4
contact/index.html,15,html,c147aa7a,gabrielborjas,2026-04-03,21:17:29,-07:00,2026-04-03T21:17:29-07:00,3,31
contact/index.html,16,html,c147aa7a,gabrielborjas,2026-04-03,21:17:29,-07:00,2026-04-03T21:17:29-07:00,2,6
contact/index.html,17,html,c147aa7a,gabrielborjas,2026-04-03,21:17:29,-07:00,2026-04-03T21:17:29-07:00,0,0
contact/index.html,18,html,c147aa7a,gabrielborjas,2026-04-03,21:17:29,-07:00,2026-04-03T21:17:29-07:00,2,5
contact/index.html,19,html,c147aa7a,gabrielborjas,2026-04-03,21:17:29,-07:00,2026-04-03T21:17:29-07:00,3,6
contact/index.html,20,html,c147aa7a,gabrielborjas,2026-04-03,21:17:29,-07:00,2026-04-03T21:17:29-07:00,3,20
contact/index.html,21,html,c147aa7a,gabrielborjas,2026-04-03,21:17:29,-07:00,2026-04-03T21:17:29-07:00,2,6
contact/index.html,22,html,c147aa7a,gabrielborjas,2026-04-03,21:17:29,-07:00,2026-04-03T21:17:29-07:00,0,0
contact/index.html,23,html,c147aa7a,gabrielborjas,2026-04-03,21:17:29,-07:00,2026-04-03T21:17:29-07:00,0,0
contact/index.html,24,html,c147aa7a,gabrielborjas,2026-04-03,21:17:29,-07:00,2026-04-03T21:17:29-07:00,2,5
contact/index.html,25,html,c147aa7a,gabrielborjas,2026-04-03,21:17:29,-07:00,2026-04-03T21:17:29-07:00,3,3
contact/index.html,26,html,c147aa7a,gabrielborjas,2026-04-03,21:17:29,-07:00,2026-04-03T21:17:29-07:00,3,31
contact/index.html,27,html,c147aa7a,gabrielborjas,2026-04-03,21:17:29,-07:00,2026-04-03T21:17:29-07:00,2,6
contact/index.html,28,html,c147aa7a,gabrielborjas,2026-04-03,21:17:29,-07:00,2026-04-03T21:17:29-07:00,0,0
contact/index.html,29,html,c147aa7a,gabrielborjas,2026-04-03,21:17:29,-07:00,2026-04-03T21:17:29-07:00,0,0
contact/index.html,30,html,c147aa7a,gabrielborjas,2026-04-03,21:17:29,-07:00,2026-04-03T21:17:29-07:00,2,21
contact/index.html,31,html,c147aa7a,gabrielborjas,2026-04-03,21:17:29,-07:00,2026-04-03T21:17:29-07:00,1,5
contact/index.html,32,html,c147aa7a,gabrielborjas,2026-04-03,21:17:29,-07:00,2026-04-03T21:17:29-07:00,0,0
contact/index.html,33,html,c147aa7a,gabrielborjas,2026-04-03,21:17:29,-07:00,2026-04-03T21:17:29-07:00,0,0
contact/index.html,34,html,0f139e8b,gabrielborjas,2026-04-03,20:38:15,-07:00,2026-04-03T20:38:15-07:00,0,5
contact/index.html,35,html,0f139e8b,gabrielborjas,2026-04-03,20:38:15,-07:00,2026-04-03T20:38:15-07:00,0,5
